USE [master]
GO
/****** Object:  Database [BD_DEMO_SISCOTT]    Script Date: 5/06/2021 14:34:55 ******/
CREATE DATABASE [BD_DEMO_SISCOTT]
GO

ALTER DATABASE [BD_DEMO_SISCOTT] SET COMPATIBILITY_LEVEL = 140
GO
IF (1 = FULLTEXTSERVICEPROPERTY('IsFullTextInstalled'))
begin
EXEC [BD_DEMO_SISCOTT].[dbo].[sp_fulltext_database] @action = 'enable'
end
GO
ALTER DATABASE [BD_DEMO_SISCOTT] SET ANSI_NULL_DEFAULT OFF 
GO
ALTER DATABASE [BD_DEMO_SISCOTT] SET ANSI_NULLS OFF 
GO
ALTER DATABASE [BD_DEMO_SISCOTT] SET ANSI_PADDING OFF 
GO
ALTER DATABASE [BD_DEMO_SISCOTT] SET ANSI_WARNINGS OFF 
GO
ALTER DATABASE [BD_DEMO_SISCOTT] SET ARITHABORT OFF 
GO
ALTER DATABASE [BD_DEMO_SISCOTT] SET AUTO_CLOSE OFF 
GO
ALTER DATABASE [BD_DEMO_SISCOTT] SET AUTO_SHRINK OFF 
GO
ALTER DATABASE [BD_DEMO_SISCOTT] SET AUTO_UPDATE_STATISTICS ON 
GO
ALTER DATABASE [BD_DEMO_SISCOTT] SET CURSOR_CLOSE_ON_COMMIT OFF 
GO
ALTER DATABASE [BD_DEMO_SISCOTT] SET CURSOR_DEFAULT  GLOBAL 
GO
ALTER DATABASE [BD_DEMO_SISCOTT] SET CONCAT_NULL_YIELDS_NULL OFF 
GO
ALTER DATABASE [BD_DEMO_SISCOTT] SET NUMERIC_ROUNDABORT OFF 
GO
ALTER DATABASE [BD_DEMO_SISCOTT] SET QUOTED_IDENTIFIER OFF 
GO
ALTER DATABASE [BD_DEMO_SISCOTT] SET RECURSIVE_TRIGGERS OFF 
GO
ALTER DATABASE [BD_DEMO_SISCOTT] SET  ENABLE_BROKER 
GO
ALTER DATABASE [BD_DEMO_SISCOTT] SET AUTO_UPDATE_STATISTICS_ASYNC OFF 
GO
ALTER DATABASE [BD_DEMO_SISCOTT] SET DATE_CORRELATION_OPTIMIZATION OFF 
GO
ALTER DATABASE [BD_DEMO_SISCOTT] SET TRUSTWORTHY OFF 
GO
ALTER DATABASE [BD_DEMO_SISCOTT] SET ALLOW_SNAPSHOT_ISOLATION OFF 
GO
ALTER DATABASE [BD_DEMO_SISCOTT] SET PARAMETERIZATION SIMPLE 
GO
ALTER DATABASE [BD_DEMO_SISCOTT] SET READ_COMMITTED_SNAPSHOT OFF 
GO
ALTER DATABASE [BD_DEMO_SISCOTT] SET HONOR_BROKER_PRIORITY OFF 
GO
ALTER DATABASE [BD_DEMO_SISCOTT] SET RECOVERY FULL 
GO
ALTER DATABASE [BD_DEMO_SISCOTT] SET  MULTI_USER 
GO
ALTER DATABASE [BD_DEMO_SISCOTT] SET PAGE_VERIFY CHECKSUM  
GO
ALTER DATABASE [BD_DEMO_SISCOTT] SET DB_CHAINING OFF 
GO
ALTER DATABASE [BD_DEMO_SISCOTT] SET FILESTREAM( NON_TRANSACTED_ACCESS = OFF ) 
GO
ALTER DATABASE [BD_DEMO_SISCOTT] SET TARGET_RECOVERY_TIME = 60 SECONDS 
GO
ALTER DATABASE [BD_DEMO_SISCOTT] SET DELAYED_DURABILITY = DISABLED 
GO
EXEC sys.sp_db_vardecimal_storage_format N'BD_DEMO_SISCOTT', N'ON'
GO
ALTER DATABASE [BD_DEMO_SISCOTT] SET QUERY_STORE = OFF
GO
USE [BD_DEMO_SISCOTT]
GO
/****** Object:  Table [dbo].[DEPENDENCIA]    Script Date: 5/06/2021 14:34:55 ******/
SET ANSI_NULLS ON
GO
SET QUOTED_IDENTIFIER ON
GO
CREATE TABLE [dbo].[DEPENDENCIA](
	[ID_DEPENDENCIA] [int] IDENTITY(1,1) NOT NULL,
	[ID_UNIDAD_DESCONCENTRADA] [int] NULL,
	[ID_OFICINA_UNIDAD_DESCONCENTRADA] [int] NULL,
	[CODIGO] [varchar](20) NULL,
	[ESTADO] [char](1) NULL,
 CONSTRAINT [PK_DEPENDENCIA] PRIMARY KEY CLUSTERED 
(
	[ID_DEPENDENCIA] ASC
)WITH (PAD_INDEX = OFF, STATISTICS_NORECOMPUTE = OFF, IGNORE_DUP_KEY = OFF, ALLOW_ROW_LOCKS = ON, ALLOW_PAGE_LOCKS = ON) ON [PRIMARY]
) ON [PRIMARY]
GO
/****** Object:  Table [dbo].[DIRECCION_ENTIDAD]    Script Date: 5/06/2021 14:34:56 ******/
SET ANSI_NULLS ON
GO
SET QUOTED_IDENTIFIER ON
GO
CREATE TABLE [dbo].[DIRECCION_ENTIDAD](
	[ID_ENTIDAD_DIRECCION] [int] IDENTITY(1,1) NOT NULL,
	[ID_ENTIDAD] [int] NOT NULL,
	[ID_UBIGEO] [char](6) NOT NULL,
	[DESCRIPCION_DIRECCION] [varchar](400) NULL,
	[FECHA_REG] [date] NULL,
	[ID_USUARIO_REG] [varchar](50) NULL,
	[FECHA_MOD] [date] NULL,
	[ID_USUARIO_MOD] [varchar](50) NULL,
	[ESTADO] [char](1) NULL,
 CONSTRAINT [PK_ENTIDAD_DIRECCION] PRIMARY KEY CLUSTERED 
(
	[ID_ENTIDAD_DIRECCION] ASC
)WITH (PAD_INDEX = OFF, STATISTICS_NORECOMPUTE = OFF, IGNORE_DUP_KEY = OFF, ALLOW_ROW_LOCKS = ON, ALLOW_PAGE_LOCKS = ON) ON [PRIMARY]
) ON [PRIMARY]
GO
/****** Object:  Table [dbo].[DOCUMENTO_ADMINISTRATIVO]    Script Date: 5/06/2021 14:34:56 ******/
SET ANSI_NULLS ON
GO
SET QUOTED_IDENTIFIER ON
GO
CREATE TABLE [dbo].[DOCUMENTO_ADMINISTRATIVO](
	[ID_DOCUMENTO_ADMINISTRATIVO] [int] IDENTITY(1,1) NOT NULL,
	[NUMERO_ADMINISTRATIVO] [varchar](100) NULL,
	[FECHA_DOCUMENTO] [date] NULL,
	[ID_DEPENDENCIA] [int] NULL,
	[FECHA_REG] [date] NULL,
	[ID_USUARIO_REG] [varchar](50) NULL,
	[FECHA_MOD] [date] NULL,
	[ID_USUARIO_MOD] [varchar](50) NULL,
	[ESTADO] [char](1) NULL,
 CONSTRAINT [PK_DOCUMENTO_ADMINISTRATIVO_DET] PRIMARY KEY CLUSTERED 
(
	[ID_DOCUMENTO_ADMINISTRATIVO] ASC
)WITH (PAD_INDEX = OFF, STATISTICS_NORECOMPUTE = OFF, IGNORE_DUP_KEY = OFF, ALLOW_ROW_LOCKS = ON, ALLOW_PAGE_LOCKS = ON) ON [PRIMARY]
) ON [PRIMARY]
GO
/****** Object:  Table [dbo].[DOCUMENTO_ADMINISTRATIVO_DET]    Script Date: 5/06/2021 14:34:56 ******/
SET ANSI_NULLS ON
GO
SET QUOTED_IDENTIFIER ON
GO
CREATE TABLE [dbo].[DOCUMENTO_ADMINISTRATIVO_DET](
	[ID_DOCUMENTO_ADMINISTRATIVO] [int] NOT NULL,
	[ID_SECUENCIA] [int] NOT NULL,
	[OBSERVACION] [varchar](400) NULL,
	[ID_FALTA] [int] NULL,
	[ID_ENTIDAD] [int] NULL,
	[FECHA_REG] [date] NULL,
	[ID_USUARIO_REG] [varchar](50) NULL,
	[FECHA_MOD] [date] NULL,
	[ID_USUARIO_MOD] [varchar](50) NULL,
	[ESTADO] [char](1) NULL,
 CONSTRAINT [PK_DOCUMENTO_ADMINISTRATIVO] PRIMARY KEY CLUSTERED 
(
	[ID_DOCUMENTO_ADMINISTRATIVO] ASC,
	[ID_SECUENCIA] ASC
)WITH (PAD_INDEX = OFF, STATISTICS_NORECOMPUTE = OFF, IGNORE_DUP_KEY = OFF, ALLOW_ROW_LOCKS = ON, ALLOW_PAGE_LOCKS = ON) ON [PRIMARY]
) ON [PRIMARY]
GO
/****** Object:  Table [dbo].[DOCUMENTO_CONTROL]    Script Date: 5/06/2021 14:34:56 ******/
SET ANSI_NULLS ON
GO
SET QUOTED_IDENTIFIER ON
GO
CREATE TABLE [dbo].[DOCUMENTO_CONTROL](
	[ID_DOCUMENTO_CONTROL] [int] IDENTITY(1,1) NOT NULL,
	[ID_TIPO_FORMATO] [int] NOT NULL,
	[NUMERO_ACTA] [varchar](200) NULL,
	[FECHA_REG] [date] NULL,
	[ID_USUARIO_REG] [varchar](50) NULL,
	[FECHA_MOD] [date] NULL,
	[ID_USUARIO_MOD] [varchar](50) NULL,
	[ESTADO] [char](1) NULL,
 CONSTRAINT [PK_DOCUMENTO_CONTROL] PRIMARY KEY CLUSTERED 
(
	[ID_DOCUMENTO_CONTROL] ASC
)WITH (PAD_INDEX = OFF, STATISTICS_NORECOMPUTE = OFF, IGNORE_DUP_KEY = OFF, ALLOW_ROW_LOCKS = ON, ALLOW_PAGE_LOCKS = ON) ON [PRIMARY]
) ON [PRIMARY]
GO
/****** Object:  Table [dbo].[DOCUMENTO_CONTROL_DETALLE]    Script Date: 5/06/2021 14:34:56 ******/
SET ANSI_NULLS ON
GO
SET QUOTED_IDENTIFIER ON
GO
CREATE TABLE [dbo].[DOCUMENTO_CONTROL_DETALLE](
	[ID_DOCUMENTO_CONTROL] [int] NOT NULL,
	[ID_FALTA] [int] NOT NULL,
	[CANTIDAD_IMPUESTA_FALTA] [decimal](18, 0) NULL,
	[SECUENCIA] [int] NULL,
	[ID_ENTIDAD] [int] NULL,
	[OBSERVACION] [varchar](500) NULL,
	[FECHA_REG] [date] NULL,
	[ID_USUARIO_REG] [varchar](50) NULL,
	[FECHA_MOD] [date] NULL,
	[ID_USUARIO_MOD] [varchar](50) NULL,
	[ESTADO] [char](1) NULL
) ON [PRIMARY]
GO
/****** Object:  Table [dbo].[DOCUMENTO_EXTERNO]    Script Date: 5/06/2021 14:34:56 ******/
SET ANSI_NULLS ON
GO
SET QUOTED_IDENTIFIER ON
GO
CREATE TABLE [dbo].[DOCUMENTO_EXTERNO](
	[ID_DOCUMENTO_EXTERNO] [int] IDENTITY(1,1) NOT NULL,
	[ID_TIPO_DOCUMENTO] [int] NOT NULL,
	[SUMILLA] [varchar](200) NULL,
	[EXTENSION] [varchar](200) NULL,
	[NOMBRE_ARCHIVO] [varchar](200) NULL,
	[RUTA_ARCHIVO] [varchar](200) NULL,
	[TIPO_CONTENIDO] [varchar](200) NULL,
	[NOMBRE_FISICO] [varchar](200) NULL,
	[FECHA_REG] [date] NULL,
	[ID_USUARIO_REG] [varchar](50) NULL,
	[FECHA_MOD] [date] NULL,
	[ID_USUARIO_MOD] [varchar](50) NULL,
	[ESTADO] [char](1) NULL,
 CONSTRAINT [PK_DOCUMENTO_EXTERNO] PRIMARY KEY CLUSTERED 
(
	[ID_DOCUMENTO_EXTERNO] ASC
)WITH (PAD_INDEX = OFF, STATISTICS_NORECOMPUTE = OFF, IGNORE_DUP_KEY = OFF, ALLOW_ROW_LOCKS = ON, ALLOW_PAGE_LOCKS = ON) ON [PRIMARY]
) ON [PRIMARY]
GO
/****** Object:  Table [dbo].[ENCARGADO_DEPENDENCIA]    Script Date: 5/06/2021 14:34:56 ******/
SET ANSI_NULLS ON
GO
SET QUOTED_IDENTIFIER ON
GO
CREATE TABLE [dbo].[ENCARGADO_DEPENDENCIA](
	[ID_DEPENDENCIA_ENCARGADO] [int] IDENTITY(1,1) NOT NULL,
	[ID_DEPENDENCIA] [int] NOT NULL,
	[ID_USUARIO] [varchar](100) NULL,
	[ID_FIRMA] [int] NULL,
	[FECHA_INICIO] [date] NULL,
	[FECHA_FINAL] [date] NULL,
 CONSTRAINT [PK_ENCARGADO_DEPENDENCIA] PRIMARY KEY CLUSTERED 
(
	[ID_DEPENDENCIA_ENCARGADO] ASC
)WITH (PAD_INDEX = OFF, STATISTICS_NORECOMPUTE = OFF, IGNORE_DUP_KEY = OFF, ALLOW_ROW_LOCKS = ON, ALLOW_PAGE_LOCKS = ON) ON [PRIMARY]
) ON [PRIMARY]
GO
/****** Object:  Table [dbo].[ENCARGADO_DEPENDENCIA_DET]    Script Date: 5/06/2021 14:34:56 ******/
SET ANSI_NULLS ON
GO
SET QUOTED_IDENTIFIER ON
GO
CREATE TABLE [dbo].[ENCARGADO_DEPENDENCIA_DET](
	[ID_DEPENDENCIA_ENCARGADO] [int] NOT NULL,
	[ID_TIPO_FORMATO] [int] NULL,
	[ID_TIPO_DOCUMENTO] [int] NULL,
	[ESTADO] [char](1) NULL
) ON [PRIMARY]
GO
/****** Object:  Table [dbo].[ENTIDAD]    Script Date: 5/06/2021 14:34:56 ******/
SET ANSI_NULLS ON
GO
SET QUOTED_IDENTIFIER ON
GO
CREATE TABLE [dbo].[ENTIDAD](
	[ID_ENTIDAD] [int] IDENTITY(1,1) NOT NULL,
	[ID_TIPO_DOCUMENTO_ENTIDAD] [int] NOT NULL,
	[NUMERO_DOCUMENTO] [varchar](20) NULL,
	[ENTIDAD_NOMBRE] [varchar](200) NULL,
	[FECHA_REG] [date] NULL,
	[ID_USUARIO_REG] [varchar](50) NULL,
	[FECHA_MOD] [date] NULL,
	[ID_USUARIO_MOD] [varchar](50) NULL,
	[ESTADO] [char](1) NULL,
 CONSTRAINT [PK_ENTIDAD] PRIMARY KEY CLUSTERED 
(
	[ID_ENTIDAD] ASC
)WITH (PAD_INDEX = OFF, STATISTICS_NORECOMPUTE = OFF, IGNORE_DUP_KEY = OFF, ALLOW_ROW_LOCKS = ON, ALLOW_PAGE_LOCKS = ON) ON [PRIMARY]
) ON [PRIMARY]
GO
/****** Object:  Table [dbo].[EXPEDIENTE_ADMINISTRATIVO]    Script Date: 5/06/2021 14:34:56 ******/
SET ANSI_NULLS ON
GO
SET QUOTED_IDENTIFIER ON
GO
CREATE TABLE [dbo].[EXPEDIENTE_ADMINISTRATIVO](
	[ID_EXPEDIENTE] [int] IDENTITY(1,1) NOT NULL,
	[NUMERO_EXPEDIENTE] [varchar](200) NULL,
	[ID_DOCUMENTO_ADMINISTRATIVO] [int] NULL,
	[AGRUPADO] [varchar](200) NULL,
	[ES_PASIVO] [char](1) NULL,
	[ES_COACTIVO] [char](1) NULL,
	[EXPEDIENTE_COACTIVO] [varchar](200) NULL,
	[CODIGO_PAGO] [varchar](50) NULL,
	[MONTO] [decimal](18, 0) NULL,
	[FECHA_REG] [date] NULL,
	[ID_USUARIO_REG] [varchar](50) NULL,
	[FECHA_MOD] [date] NULL,
	[ID_USUARIO_MOD] [varchar](50) NULL,
	[ESTADO] [char](1) NULL,
 CONSTRAINT [PK_EXPEDIENTE_ADM] PRIMARY KEY CLUSTERED 
(
	[ID_EXPEDIENTE] ASC
)WITH (PAD_INDEX = OFF, STATISTICS_NORECOMPUTE = OFF, IGNORE_DUP_KEY = OFF, ALLOW_ROW_LOCKS = ON, ALLOW_PAGE_LOCKS = ON) ON [PRIMARY]
) ON [PRIMARY]
GO
/****** Object:  Table [dbo].[EXPEDIENTE_ADMINISTRATIVO_DETALLE]    Script Date: 5/06/2021 14:34:56 ******/
SET ANSI_NULLS ON
GO
SET QUOTED_IDENTIFIER ON
GO
CREATE TABLE [dbo].[EXPEDIENTE_ADMINISTRATIVO_DETALLE](
	[ID_EXPEDIENTE] [int] NOT NULL,
	[SECUENCIA] [int] NOT NULL,
	[ID_RESOLUCION_SANCION] [int] NULL,
	[ID_DOCUMENTO_CONTROL] [int] NULL,
	[FECHA_REG] [date] NULL,
	[ID_USUARIO_REG] [varchar](50) NULL,
	[FECHA_MOD] [date] NULL,
	[ID_USUARIO_MOD] [varchar](50) NULL,
	[ESTADO] [char](1) NULL,
 CONSTRAINT [PK_EXPEDIENTE_ADM_DET] PRIMARY KEY CLUSTERED 
(
	[ID_EXPEDIENTE] ASC,
	[SECUENCIA] ASC
)WITH (PAD_INDEX = OFF, STATISTICS_NORECOMPUTE = OFF, IGNORE_DUP_KEY = OFF, ALLOW_ROW_LOCKS = ON, ALLOW_PAGE_LOCKS = ON) ON [PRIMARY]
) ON [PRIMARY]
GO
/****** Object:  Table [dbo].[FALTA]    Script Date: 5/06/2021 14:34:56 ******/
SET ANSI_NULLS ON
GO
SET QUOTED_IDENTIFIER ON
GO
CREATE TABLE [dbo].[FALTA](
	[ID_FALTA] [int] IDENTITY(1,1) NOT NULL,
	[NOMBRE_FALTA] [varchar](100) NULL,
	[CLAVE] [varchar](100) NULL,
	[FECHA_REG] [date] NULL,
	[ID_USUARIO_REG] [varchar](50) NULL,
	[FECHA_MOD] [date] NULL,
	[ID_USUARIO_MOD] [varchar](50) NULL,
	[ESTADO] [char](1) NULL,
 CONSTRAINT [PK_FALTA] PRIMARY KEY CLUSTERED 
(
	[ID_FALTA] ASC
)WITH (PAD_INDEX = OFF, STATISTICS_NORECOMPUTE = OFF, IGNORE_DUP_KEY = OFF, ALLOW_ROW_LOCKS = ON, ALLOW_PAGE_LOCKS = ON) ON [PRIMARY]
) ON [PRIMARY]
GO
/****** Object:  Table [dbo].[GRUPO_RESOLUTOR]    Script Date: 5/06/2021 14:34:56 ******/
SET ANSI_NULLS ON
GO
SET QUOTED_IDENTIFIER ON
GO
CREATE TABLE [dbo].[GRUPO_RESOLUTOR](
	[ID_GRUPO_RESOLUTOR] [int] IDENTITY(1,1) NOT NULL,
	[DESCRIPCION] [varchar](200) NULL,
	[ESTADO] [char](1) NULL,
 CONSTRAINT [PK_GRUPO_RESOLUTOR] PRIMARY KEY CLUSTERED 
(
	[ID_GRUPO_RESOLUTOR] ASC
)WITH (PAD_INDEX = OFF, STATISTICS_NORECOMPUTE = OFF, IGNORE_DUP_KEY = OFF, ALLOW_ROW_LOCKS = ON, ALLOW_PAGE_LOCKS = ON) ON [PRIMARY]
) ON [PRIMARY]
GO
/****** Object:  Table [dbo].[NOTIFICACION]    Script Date: 5/06/2021 14:34:56 ******/
SET ANSI_NULLS ON
GO
SET QUOTED_IDENTIFIER ON
GO
CREATE TABLE [dbo].[NOTIFICACION](
	[ID_NOTIFICACION] [int] IDENTITY(1,1) NOT NULL,
	[NUMERO_NOTIFICACION] [varchar](50) NULL,
	[FECHA_NOTIFICACION] [date] NULL,
	[ID_EXPEDIENTE] [int] NULL,
	[ID_ENTIDAD] [int] NULL,
	[ID_RESOLUCION] [int] NULL,
	[ID_DOCUMENTO_ADMINISTRATIVO] [int] NULL,
	[FECHA_REG] [date] NULL,
	[ID_USUARIO_REG] [varchar](50) NULL,
	[FECHA_MOD] [date] NULL,
	[ID_USUARIO_MOD] [varchar](50) NULL,
	[ESTADO] [char](1) NULL,
 CONSTRAINT [PK_NOTIFICACION] PRIMARY KEY CLUSTERED 
(
	[ID_NOTIFICACION] ASC
)WITH (PAD_INDEX = OFF, STATISTICS_NORECOMPUTE = OFF, IGNORE_DUP_KEY = OFF, ALLOW_ROW_LOCKS = ON, ALLOW_PAGE_LOCKS = ON) ON [PRIMARY]
) ON [PRIMARY]
GO
/****** Object:  Table [dbo].[NUMERO_DOCUMENTO_GENERADO]    Script Date: 5/06/2021 14:34:56 ******/
SET ANSI_NULLS ON
GO
SET QUOTED_IDENTIFIER ON
GO
CREATE TABLE [dbo].[NUMERO_DOCUMENTO_GENERADO](
	[ID_DOCUMENTO_GENERADO] [int] IDENTITY(1,1) NOT NULL,
	[ID_TIPO_DOCUMENTO] [int] NULL,
	[ID_CLASE] [int] NULL,
	[DESCRIPCION_CLASE] [varchar](400) NULL,
	[ANIO] [int] NULL,
	[NRO_GENERADO] [int] NOT NULL,
	[ID_SERIE] [int] NULL,
	[ID_DEPENDENCIA] [int] NULL,
	[FECHA_REG] [date] NULL,
	[ID_USUARIO_REG] [varchar](50) NULL,
	[FECHA_MOD] [date] NULL,
	[ID_USUARIO_MOD] [varchar](50) NULL,
	[ESTADO] [char](1) NULL,
 CONSTRAINT [PK_DOCUMENTO_GENERADO] PRIMARY KEY CLUSTERED 
(
	[ID_DOCUMENTO_GENERADO] ASC
)WITH (PAD_INDEX = OFF, STATISTICS_NORECOMPUTE = OFF, IGNORE_DUP_KEY = OFF, ALLOW_ROW_LOCKS = ON, ALLOW_PAGE_LOCKS = ON) ON [PRIMARY]
) ON [PRIMARY]
GO
/****** Object:  Table [dbo].[OFICINA_UNIDAD_DESCONCENTRADA]    Script Date: 5/06/2021 14:34:56 ******/
SET ANSI_NULLS ON
GO
SET QUOTED_IDENTIFIER ON
GO
CREATE TABLE [dbo].[OFICINA_UNIDAD_DESCONCENTRADA](
	[ID_OFICINA_UNIDAD_DESCONCENTRADA] [int] IDENTITY(1,1) NOT NULL,
	[NOMBRE_OFICINA] [varchar](100) NULL,
	[ESTADO] [char](1) NULL,
 CONSTRAINT [PK_OFIC_UNID_DESCONCENTRADA] PRIMARY KEY CLUSTERED 
(
	[ID_OFICINA_UNIDAD_DESCONCENTRADA] ASC
)WITH (PAD_INDEX = OFF, STATISTICS_NORECOMPUTE = OFF, IGNORE_DUP_KEY = OFF, ALLOW_ROW_LOCKS = ON, ALLOW_PAGE_LOCKS = ON) ON [PRIMARY]
) ON [PRIMARY]
GO
/****** Object:  Table [dbo].[PARAMETRO]    Script Date: 5/06/2021 14:34:56 ******/
SET ANSI_NULLS ON
GO
SET QUOTED_IDENTIFIER ON
GO
CREATE TABLE [dbo].[PARAMETRO](
	[ID_PARAMETRO] [int] IDENTITY(1,1) NOT NULL,
	[ID_GRUPO_PARAMETRO] [int] NOT NULL,
	[VALOR] [varchar](100) NULL,
	[ORDEN] [int] NULL,
	[ID_PADRE] [int] NULL,
	[estado] [char](1) NULL,
 CONSTRAINT [PK_PARAMETRO] PRIMARY KEY CLUSTERED 
(
	[ID_PARAMETRO] ASC
)WITH (PAD_INDEX = OFF, STATISTICS_NORECOMPUTE = OFF, IGNORE_DUP_KEY = OFF, ALLOW_ROW_LOCKS = ON, ALLOW_PAGE_LOCKS = ON) ON [PRIMARY]
) ON [PRIMARY]
GO
/****** Object:  Table [dbo].[PARAMETRO_GRUPO]    Script Date: 5/06/2021 14:34:56 ******/
SET ANSI_NULLS ON
GO
SET QUOTED_IDENTIFIER ON
GO
CREATE TABLE [dbo].[PARAMETRO_GRUPO](
	[ID_GRUPO_PARAMETRO] [int] IDENTITY(1,1) NOT NULL,
	[NOMBRE_GRUPO] [varchar](200) NULL,
	[FECHA_REG] [date] NULL,
	[ID_USUARIO_REG] [varchar](50) NULL,
	[FECHA_MOD] [date] NULL,
	[ID_USUARIO_MOD] [varchar](50) NULL,
	[ESTADO] [char](1) NULL,
 CONSTRAINT [PK_GRUPO_PARAM] PRIMARY KEY CLUSTERED 
(
	[ID_GRUPO_PARAMETRO] ASC
)WITH (PAD_INDEX = OFF, STATISTICS_NORECOMPUTE = OFF, IGNORE_DUP_KEY = OFF, ALLOW_ROW_LOCKS = ON, ALLOW_PAGE_LOCKS = ON) ON [PRIMARY]
) ON [PRIMARY]
GO
/****** Object:  Table [dbo].[RESOLUCION_ADJUNTO]    Script Date: 5/06/2021 14:34:56 ******/
SET ANSI_NULLS ON
GO
SET QUOTED_IDENTIFIER ON
GO
CREATE TABLE [dbo].[RESOLUCION_ADJUNTO](
	[ID_RESOLUCION] [int] NOT NULL,
	[ID_DOCUMENTO_EXTERNO] [int] NOT NULL,
	[ESTADO] [char](1) NULL
) ON [PRIMARY]
GO
/****** Object:  Table [dbo].[RESOLUCION_ADMINISTRADO]    Script Date: 5/06/2021 14:34:56 ******/
SET ANSI_NULLS ON
GO
SET QUOTED_IDENTIFIER ON
GO
CREATE TABLE [dbo].[RESOLUCION_ADMINISTRADO](
	[ID_ADMINISTRADO_RESOLUCION] [int] IDENTITY(1,1) NOT NULL,
	[ID_RESOLUCION] [int] NOT NULL,
	[ID_ENTIDAD] [int] NULL,
	[ID_ENTIDAD_DIRECCION] [int] NULL,
	[NOTIFICADO] [char](1) NULL,
	[CASILLA] [varchar](50) NULL,
	[FECHA_REG] [date] NULL,
	[ID_USUARIO_REG] [varchar](50) NULL,
	[FECHA_MOD] [date] NULL,
	[ID_USUARIO_MOD] [varchar](50) NULL,
	[ESTADO] [char](1) NULL,
 CONSTRAINT [PK_RESOLUCION_ADMINISTRADO] PRIMARY KEY CLUSTERED 
(
	[ID_ADMINISTRADO_RESOLUCION] ASC
)WITH (PAD_INDEX = OFF, STATISTICS_NORECOMPUTE = OFF, IGNORE_DUP_KEY = OFF, ALLOW_ROW_LOCKS = ON, ALLOW_PAGE_LOCKS = ON) ON [PRIMARY]
) ON [PRIMARY]
GO
/****** Object:  Table [dbo].[RESOLUCION_ADMINISTRATIVA]    Script Date: 5/06/2021 14:34:56 ******/
SET ANSI_NULLS ON
GO
SET QUOTED_IDENTIFIER ON
GO
CREATE TABLE [dbo].[RESOLUCION_ADMINISTRATIVA](
	[ID_RESOLUCION] [int] IDENTITY(1,1) NOT NULL,
	[ID_TIPO_RESOLUCION] [int] NOT NULL,
	[NUMERO_RESOLUCION] [varchar](100) NULL,
	[ID_GRUPO_RESOLUTOR] [int] NULL,
	[ID_DEPENDENCIA] [int] NULL,
	[ID_PC] [varchar](100) NULL,
	[FECHA_REG] [date] NULL,
	[ID_USUARIO_REG] [varchar](50) NULL,
	[FECHA_MOD] [date] NULL,
	[ID_USUARIO_MOD] [varchar](50) NULL,
	[ESTADO] [char](1) NULL,
 CONSTRAINT [PK_RESOLUCION_ADM] PRIMARY KEY CLUSTERED 
(
	[ID_RESOLUCION] ASC
)WITH (PAD_INDEX = OFF, STATISTICS_NORECOMPUTE = OFF, IGNORE_DUP_KEY = OFF, ALLOW_ROW_LOCKS = ON, ALLOW_PAGE_LOCKS = ON) ON [PRIMARY]
) ON [PRIMARY]
GO
/****** Object:  Table [dbo].[RESOLUCION_ADMINISTRATIVA_DETALLE]    Script Date: 5/06/2021 14:34:56 ******/
SET ANSI_NULLS ON
GO
SET QUOTED_IDENTIFIER ON
GO
CREATE TABLE [dbo].[RESOLUCION_ADMINISTRATIVA_DETALLE](
	[ID_RESOLUCION] [int] NOT NULL,
	[SECUENCIA_DETALLE] [int] NOT NULL,
	[ID_DOCUMENTO_CONTROL] [int] NULL,
	[ID_FALTA] [int] NULL,
	[ID_EXPEDIENTE] [int] NULL,
	[FECHA_REG] [date] NULL,
	[ID_USUARIO_REG] [varchar](50) NULL,
	[FECHA_MOD] [date] NULL,
	[ID_USUARIO_MOD] [varchar](50) NULL,
	[ESTADO] [char](1) NULL,
	[ID_PLACA] [varchar](50) NULL,
 CONSTRAINT [PK_RESOLUCION_ADM_DET] PRIMARY KEY CLUSTERED 
(
	[ID_RESOLUCION] ASC,
	[SECUENCIA_DETALLE] ASC
)WITH (PAD_INDEX = OFF, STATISTICS_NORECOMPUTE = OFF, IGNORE_DUP_KEY = OFF, ALLOW_ROW_LOCKS = ON, ALLOW_PAGE_LOCKS = ON) ON [PRIMARY]
) ON [PRIMARY]
GO
/****** Object:  Table [dbo].[TIPO_FORMATO]    Script Date: 5/06/2021 14:34:56 ******/
SET ANSI_NULLS ON
GO
SET QUOTED_IDENTIFIER ON
GO
CREATE TABLE [dbo].[TIPO_FORMATO](
	[ID_TIPO_FORMATO] [int] IDENTITY(1,1) NOT NULL,
	[NOMBRE_FORMATO] [varchar](200) NULL,
	[FECHA_REG] [date] NULL,
	[ID_USUARIO_REG] [varchar](50) NULL,
	[FECHA_MOD] [date] NULL,
	[ID_USUARIO_MOD] [varchar](50) NULL,
	[ESTADO] [char](1) NULL,
 CONSTRAINT [PK_TIPO_FORMATO] PRIMARY KEY CLUSTERED 
(
	[ID_TIPO_FORMATO] ASC
)WITH (PAD_INDEX = OFF, STATISTICS_NORECOMPUTE = OFF, IGNORE_DUP_KEY = OFF, ALLOW_ROW_LOCKS = ON, ALLOW_PAGE_LOCKS = ON) ON [PRIMARY]
) ON [PRIMARY]
GO
/****** Object:  Table [dbo].[UBIGEO]    Script Date: 5/06/2021 14:34:56 ******/
SET ANSI_NULLS ON
GO
SET QUOTED_IDENTIFIER ON
GO
CREATE TABLE [dbo].[UBIGEO](
	[ID_UBIGEO] [char](6) NOT NULL,
	[DESCRIPCION] [varchar](200) NULL,
	[ESTADO] [char](1) NULL,
 CONSTRAINT [PK_UBIGEO] PRIMARY KEY CLUSTERED 
(
	[ID_UBIGEO] ASC
)WITH (PAD_INDEX = OFF, STATISTICS_NORECOMPUTE = OFF, IGNORE_DUP_KEY = OFF, ALLOW_ROW_LOCKS = ON, ALLOW_PAGE_LOCKS = ON) ON [PRIMARY]
) ON [PRIMARY]
GO
/****** Object:  Table [dbo].[UNIDAD_DESCONCENTRADA]    Script Date: 5/06/2021 14:34:56 ******/
SET ANSI_NULLS ON
GO
SET QUOTED_IDENTIFIER ON
GO
CREATE TABLE [dbo].[UNIDAD_DESCONCENTRADA](
	[ID_UNIDAD_DESCONCENTRADA] [int] IDENTITY(1,1) NOT NULL,
	[NOMBRE_CORTO] [varchar](20) NULL,
	[ID_UBIGEO] [varchar](6) NULL,
	[FECHA_REG] [date] NULL,
	[ID_USUARIO_REG] [varchar](50) NULL,
	[FECHA_MOD] [date] NULL,
	[ID_USUARIO_MOD] [varchar](50) NULL,
	[ESTADO] [char](1) NULL,
 CONSTRAINT [PK_UNID_DESCONCENTRADA] PRIMARY KEY CLUSTERED 
(
	[ID_UNIDAD_DESCONCENTRADA] ASC
)WITH (PAD_INDEX = OFF, STATISTICS_NORECOMPUTE = OFF, IGNORE_DUP_KEY = OFF, ALLOW_ROW_LOCKS = ON, ALLOW_PAGE_LOCKS = ON) ON [PRIMARY]
) ON [PRIMARY]
GO
SET IDENTITY_INSERT [dbo].[DEPENDENCIA] ON 

INSERT [dbo].[DEPENDENCIA] ([ID_DEPENDENCIA], [ID_UNIDAD_DESCONCENTRADA], [ID_OFICINA_UNIDAD_DESCONCENTRADA], [CODIGO], [ESTADO]) VALUES (3, 1, 1, N'01.01', N'A')
SET IDENTITY_INSERT [dbo].[DEPENDENCIA] OFF
GO
SET IDENTITY_INSERT [dbo].[DOCUMENTO_CONTROL] ON 

INSERT [dbo].[DOCUMENTO_CONTROL] ([ID_DOCUMENTO_CONTROL], [ID_TIPO_FORMATO], [NUMERO_ACTA], [FECHA_REG], [ID_USUARIO_REG], [FECHA_MOD], [ID_USUARIO_MOD], [ESTADO]) VALUES (1, 1, N'1234578', CAST(N'2021-06-03' AS Date), N'Admin', CAST(N'2021-06-03' AS Date), NULL, N'A')
INSERT [dbo].[DOCUMENTO_CONTROL] ([ID_DOCUMENTO_CONTROL], [ID_TIPO_FORMATO], [NUMERO_ACTA], [FECHA_REG], [ID_USUARIO_REG], [FECHA_MOD], [ID_USUARIO_MOD], [ESTADO]) VALUES (2, 1, N'15598745', CAST(N'2021-06-03' AS Date), N'Admin', CAST(N'2021-06-03' AS Date), NULL, N'A')
SET IDENTITY_INSERT [dbo].[DOCUMENTO_CONTROL] OFF
GO
INSERT [dbo].[DOCUMENTO_CONTROL_DETALLE] ([ID_DOCUMENTO_CONTROL], [ID_FALTA], [CANTIDAD_IMPUESTA_FALTA], [SECUENCIA], [ID_ENTIDAD], [OBSERVACION], [FECHA_REG], [ID_USUARIO_REG], [FECHA_MOD], [ID_USUARIO_MOD], [ESTADO]) VALUES (1, 1, CAST(40000 AS Decimal(18, 0)), 1, 1, N'Infracción de Prueba', CAST(N'2021-06-04' AS Date), N'Admin', CAST(N'2021-06-04' AS Date), N'Admin', N'A')
INSERT [dbo].[DOCUMENTO_CONTROL_DETALLE] ([ID_DOCUMENTO_CONTROL], [ID_FALTA], [CANTIDAD_IMPUESTA_FALTA], [SECUENCIA], [ID_ENTIDAD], [OBSERVACION], [FECHA_REG], [ID_USUARIO_REG], [FECHA_MOD], [ID_USUARIO_MOD], [ESTADO]) VALUES (2, 1, CAST(3500 AS Decimal(18, 0)), 1, 2, N'Infracción de Prueba 2', CAST(N'2021-06-04' AS Date), N'Admin', CAST(N'2021-06-04' AS Date), N'Admin', N'A')
GO
SET IDENTITY_INSERT [dbo].[ENTIDAD] ON 

INSERT [dbo].[ENTIDAD] ([ID_ENTIDAD], [ID_TIPO_DOCUMENTO_ENTIDAD], [NUMERO_DOCUMENTO], [ENTIDAD_NOMBRE], [FECHA_REG], [ID_USUARIO_REG], [FECHA_MOD], [ID_USUARIO_MOD], [ESTADO]) VALUES (1, 6, N'74554123', N'William Tello', CAST(N'2021-06-04' AS Date), N'admin', CAST(N'2021-06-04' AS Date), N'admin', N'A')
INSERT [dbo].[ENTIDAD] ([ID_ENTIDAD], [ID_TIPO_DOCUMENTO_ENTIDAD], [NUMERO_DOCUMENTO], [ENTIDAD_NOMBRE], [FECHA_REG], [ID_USUARIO_REG], [FECHA_MOD], [ID_USUARIO_MOD], [ESTADO]) VALUES (2, 6, N'74554123', N'Robert Brunelo', CAST(N'2021-06-04' AS Date), N'admin', CAST(N'2021-06-04' AS Date), N'admin', N'A')
SET IDENTITY_INSERT [dbo].[ENTIDAD] OFF
GO
SET IDENTITY_INSERT [dbo].[EXPEDIENTE_ADMINISTRATIVO] ON 

INSERT [dbo].[EXPEDIENTE_ADMINISTRATIVO] ([ID_EXPEDIENTE], [NUMERO_EXPEDIENTE], [ID_DOCUMENTO_ADMINISTRATIVO], [AGRUPADO], [ES_PASIVO], [ES_COACTIVO], [EXPEDIENTE_COACTIVO], [CODIGO_PAGO], [MONTO], [FECHA_REG], [ID_USUARIO_REG], [FECHA_MOD], [ID_USUARIO_MOD], [ESTADO]) VALUES (1, N'000001-2021-10', NULL, N'N', N'N', N'N', NULL, N'1', CAST(40000 AS Decimal(18, 0)), CAST(N'2021-06-04' AS Date), N'Admin', CAST(N'2021-06-04' AS Date), N'Admin', N'A')
INSERT [dbo].[EXPEDIENTE_ADMINISTRATIVO] ([ID_EXPEDIENTE], [NUMERO_EXPEDIENTE], [ID_DOCUMENTO_ADMINISTRATIVO], [AGRUPADO], [ES_PASIVO], [ES_COACTIVO], [EXPEDIENTE_COACTIVO], [CODIGO_PAGO], [MONTO], [FECHA_REG], [ID_USUARIO_REG], [FECHA_MOD], [ID_USUARIO_MOD], [ESTADO]) VALUES (2, N'000002-2021-10', NULL, N'N', N'N', N'N', NULL, N'1', CAST(3500 AS Decimal(18, 0)), CAST(N'2021-06-04' AS Date), N'Admin', CAST(N'2021-06-04' AS Date), N'Admin', N'A')
SET IDENTITY_INSERT [dbo].[EXPEDIENTE_ADMINISTRATIVO] OFF
GO
INSERT [dbo].[EXPEDIENTE_ADMINISTRATIVO_DETALLE] ([ID_EXPEDIENTE], [SECUENCIA], [ID_RESOLUCION_SANCION], [ID_DOCUMENTO_CONTROL], [FECHA_REG], [ID_USUARIO_REG], [FECHA_MOD], [ID_USUARIO_MOD], [ESTADO]) VALUES (1, 1, NULL, 1, CAST(N'2021-06-04' AS Date), N'Admin', CAST(N'2021-06-04' AS Date), N'Admin', N'A')
INSERT [dbo].[EXPEDIENTE_ADMINISTRATIVO_DETALLE] ([ID_EXPEDIENTE], [SECUENCIA], [ID_RESOLUCION_SANCION], [ID_DOCUMENTO_CONTROL], [FECHA_REG], [ID_USUARIO_REG], [FECHA_MOD], [ID_USUARIO_MOD], [ESTADO]) VALUES (2, 1, NULL, 2, CAST(N'2021-06-04' AS Date), N'Admin', CAST(N'2021-06-04' AS Date), N'Admin', N'A')
GO
SET IDENTITY_INSERT [dbo].[FALTA] ON 

INSERT [dbo].[FALTA] ([ID_FALTA], [NOMBRE_FALTA], [CLAVE], [FECHA_REG], [ID_USUARIO_REG], [FECHA_MOD], [ID_USUARIO_MOD], [ESTADO]) VALUES (1, N'M20', N'M20', CAST(N'2021-06-04' AS Date), N'Admin', CAST(N'2021-06-04' AS Date), N'Admin', N'A')
SET IDENTITY_INSERT [dbo].[FALTA] OFF
GO
SET IDENTITY_INSERT [dbo].[GRUPO_RESOLUTOR] ON 

INSERT [dbo].[GRUPO_RESOLUTOR] ([ID_GRUPO_RESOLUTOR], [DESCRIPCION], [ESTADO]) VALUES (1, N'Fiscalizacion', N'A')
SET IDENTITY_INSERT [dbo].[GRUPO_RESOLUTOR] OFF
GO
SET IDENTITY_INSERT [dbo].[OFICINA_UNIDAD_DESCONCENTRADA] ON 

INSERT [dbo].[OFICINA_UNIDAD_DESCONCENTRADA] ([ID_OFICINA_UNIDAD_DESCONCENTRADA], [NOMBRE_OFICINA], [ESTADO]) VALUES (1, N'Fiscalizacion', N'A')
SET IDENTITY_INSERT [dbo].[OFICINA_UNIDAD_DESCONCENTRADA] OFF
GO
SET IDENTITY_INSERT [dbo].[PARAMETRO] ON 

INSERT [dbo].[PARAMETRO] ([ID_PARAMETRO], [ID_GRUPO_PARAMETRO], [VALOR], [ORDEN], [ID_PADRE], [estado]) VALUES (1, 1, N'Caducidad', 1, NULL, NULL)
INSERT [dbo].[PARAMETRO] ([ID_PARAMETRO], [ID_GRUPO_PARAMETRO], [VALOR], [ORDEN], [ID_PADRE], [estado]) VALUES (2, 1, N'Inicio', 2, NULL, NULL)
INSERT [dbo].[PARAMETRO] ([ID_PARAMETRO], [ID_GRUPO_PARAMETRO], [VALOR], [ORDEN], [ID_PADRE], [estado]) VALUES (3, 1, N'Reconocimiento de Pago', 3, NULL, NULL)
INSERT [dbo].[PARAMETRO] ([ID_PARAMETRO], [ID_GRUPO_PARAMETRO], [VALOR], [ORDEN], [ID_PADRE], [estado]) VALUES (5, 2, N'Ruc', 1, NULL, N'A')
INSERT [dbo].[PARAMETRO] ([ID_PARAMETRO], [ID_GRUPO_PARAMETRO], [VALOR], [ORDEN], [ID_PADRE], [estado]) VALUES (6, 2, N'Dni', 1, NULL, N'A')
SET IDENTITY_INSERT [dbo].[PARAMETRO] OFF
GO
SET IDENTITY_INSERT [dbo].[PARAMETRO_GRUPO] ON 

INSERT [dbo].[PARAMETRO_GRUPO] ([ID_GRUPO_PARAMETRO], [NOMBRE_GRUPO], [FECHA_REG], [ID_USUARIO_REG], [FECHA_MOD], [ID_USUARIO_MOD], [ESTADO]) VALUES (1, N'Tipo Resoluciones', CAST(N'2021-06-02' AS Date), N'admin', CAST(N'2021-06-02' AS Date), N'admin', N'A')
INSERT [dbo].[PARAMETRO_GRUPO] ([ID_GRUPO_PARAMETRO], [NOMBRE_GRUPO], [FECHA_REG], [ID_USUARIO_REG], [FECHA_MOD], [ID_USUARIO_MOD], [ESTADO]) VALUES (2, N'Tipo Documento Identidad', CAST(N'2021-06-03' AS Date), N'admin', CAST(N'2021-06-03' AS Date), N'admin', N'A')
SET IDENTITY_INSERT [dbo].[PARAMETRO_GRUPO] OFF
GO
SET IDENTITY_INSERT [dbo].[RESOLUCION_ADMINISTRADO] ON 

INSERT [dbo].[RESOLUCION_ADMINISTRADO] ([ID_ADMINISTRADO_RESOLUCION], [ID_RESOLUCION], [ID_ENTIDAD], [ID_ENTIDAD_DIRECCION], [NOTIFICADO], [CASILLA], [FECHA_REG], [ID_USUARIO_REG], [FECHA_MOD], [ID_USUARIO_MOD], [ESTADO]) VALUES (1, 5, 1, NULL, N'N', N'N', CAST(N'2021-06-04' AS Date), N'Admin', CAST(N'2021-06-04' AS Date), N'Admin', N'A')
SET IDENTITY_INSERT [dbo].[RESOLUCION_ADMINISTRADO] OFF
GO
SET IDENTITY_INSERT [dbo].[RESOLUCION_ADMINISTRATIVA] ON 

INSERT [dbo].[RESOLUCION_ADMINISTRATIVA] ([ID_RESOLUCION], [ID_TIPO_RESOLUCION], [NUMERO_RESOLUCION], [ID_GRUPO_RESOLUTOR], [ID_DEPENDENCIA], [ID_PC], [FECHA_REG], [ID_USUARIO_REG], [FECHA_MOD], [ID_USUARIO_MOD], [ESTADO]) VALUES (5, 1, N'000001-2021-SUTRAN/06.04', 1, 3, N'20.20.20.20', CAST(N'2021-06-02' AS Date), N'Vladimir', CAST(N'2021-06-02' AS Date), NULL, N'A')
SET IDENTITY_INSERT [dbo].[RESOLUCION_ADMINISTRATIVA] OFF
GO
INSERT [dbo].[RESOLUCION_ADMINISTRATIVA_DETALLE] ([ID_RESOLUCION], [SECUENCIA_DETALLE], [ID_DOCUMENTO_CONTROL], [ID_FALTA], [ID_EXPEDIENTE], [FECHA_REG], [ID_USUARIO_REG], [FECHA_MOD], [ID_USUARIO_MOD], [ESTADO], [ID_PLACA]) VALUES (5, 1, 1, 1, 1, CAST(N'2021-06-04' AS Date), N'Admin', NULL, NULL, N'A', N'HJK156')
GO
SET IDENTITY_INSERT [dbo].[TIPO_FORMATO] ON 

INSERT [dbo].[TIPO_FORMATO] ([ID_TIPO_FORMATO], [NOMBRE_FORMATO], [FECHA_REG], [ID_USUARIO_REG], [FECHA_MOD], [ID_USUARIO_MOD], [ESTADO]) VALUES (1, N'Transito', CAST(N'2021-06-03' AS Date), N'Admin', NULL, NULL, NULL)
SET IDENTITY_INSERT [dbo].[TIPO_FORMATO] OFF
GO
SET IDENTITY_INSERT [dbo].[UNIDAD_DESCONCENTRADA] ON 

INSERT [dbo].[UNIDAD_DESCONCENTRADA] ([ID_UNIDAD_DESCONCENTRADA], [NOMBRE_CORTO], [ID_UBIGEO], [FECHA_REG], [ID_USUARIO_REG], [FECHA_MOD], [ID_USUARIO_MOD], [ESTADO]) VALUES (1, N'Lima', N'15000', CAST(N'2021-06-02' AS Date), N'admin', CAST(N'2021-06-02' AS Date), N'admin', N'A')
SET IDENTITY_INSERT [dbo].[UNIDAD_DESCONCENTRADA] OFF
GO
ALTER TABLE [dbo].[DEPENDENCIA]  WITH CHECK ADD  CONSTRAINT [FK_OFIC_UNID_DESCONCENTRADA] FOREIGN KEY([ID_OFICINA_UNIDAD_DESCONCENTRADA])
REFERENCES [dbo].[OFICINA_UNIDAD_DESCONCENTRADA] ([ID_OFICINA_UNIDAD_DESCONCENTRADA])
GO
ALTER TABLE [dbo].[DEPENDENCIA] CHECK CONSTRAINT [FK_OFIC_UNID_DESCONCENTRADA]
GO
ALTER TABLE [dbo].[DEPENDENCIA]  WITH CHECK ADD  CONSTRAINT [FK_UNIDAD_DESCONCENTRADA] FOREIGN KEY([ID_UNIDAD_DESCONCENTRADA])
REFERENCES [dbo].[UNIDAD_DESCONCENTRADA] ([ID_UNIDAD_DESCONCENTRADA])
GO
ALTER TABLE [dbo].[DEPENDENCIA] CHECK CONSTRAINT [FK_UNIDAD_DESCONCENTRADA]
GO
ALTER TABLE [dbo].[DIRECCION_ENTIDAD]  WITH CHECK ADD  CONSTRAINT [FK_DIRECCION_ENT] FOREIGN KEY([ID_ENTIDAD])
REFERENCES [dbo].[ENTIDAD] ([ID_ENTIDAD])
GO
ALTER TABLE [dbo].[DIRECCION_ENTIDAD] CHECK CONSTRAINT [FK_DIRECCION_ENT]
GO
ALTER TABLE [dbo].[DIRECCION_ENTIDAD]  WITH CHECK ADD  CONSTRAINT [FK_DIRECCION_UBIGEO] FOREIGN KEY([ID_UBIGEO])
REFERENCES [dbo].[UBIGEO] ([ID_UBIGEO])
GO
ALTER TABLE [dbo].[DIRECCION_ENTIDAD] CHECK CONSTRAINT [FK_DIRECCION_UBIGEO]
GO
ALTER TABLE [dbo].[DOCUMENTO_ADMINISTRATIVO]  WITH CHECK ADD  CONSTRAINT [FK_DOC_ADM_DEPENDENCIA] FOREIGN KEY([ID_DEPENDENCIA])
REFERENCES [dbo].[DEPENDENCIA] ([ID_DEPENDENCIA])
GO
ALTER TABLE [dbo].[DOCUMENTO_ADMINISTRATIVO] CHECK CONSTRAINT [FK_DOC_ADM_DEPENDENCIA]
GO
ALTER TABLE [dbo].[DOCUMENTO_ADMINISTRATIVO_DET]  WITH CHECK ADD  CONSTRAINT [FK_DOC_ADM_ENTIDAD] FOREIGN KEY([ID_ENTIDAD])
REFERENCES [dbo].[ENTIDAD] ([ID_ENTIDAD])
GO
ALTER TABLE [dbo].[DOCUMENTO_ADMINISTRATIVO_DET] CHECK CONSTRAINT [FK_DOC_ADM_ENTIDAD]
GO
ALTER TABLE [dbo].[DOCUMENTO_ADMINISTRATIVO_DET]  WITH CHECK ADD  CONSTRAINT [FK_DOC_ADM_FALTA] FOREIGN KEY([ID_FALTA])
REFERENCES [dbo].[FALTA] ([ID_FALTA])
GO
ALTER TABLE [dbo].[DOCUMENTO_ADMINISTRATIVO_DET] CHECK CONSTRAINT [FK_DOC_ADM_FALTA]
GO
ALTER TABLE [dbo].[DOCUMENTO_ADMINISTRATIVO_DET]  WITH CHECK ADD  CONSTRAINT [FK_DOCUMENTO_ADMIN] FOREIGN KEY([ID_DOCUMENTO_ADMINISTRATIVO])
REFERENCES [dbo].[DOCUMENTO_ADMINISTRATIVO] ([ID_DOCUMENTO_ADMINISTRATIVO])
GO
ALTER TABLE [dbo].[DOCUMENTO_ADMINISTRATIVO_DET] CHECK CONSTRAINT [FK_DOCUMENTO_ADMIN]
GO
ALTER TABLE [dbo].[DOCUMENTO_CONTROL]  WITH CHECK ADD  CONSTRAINT [FK_TIPO_FORMATO] FOREIGN KEY([ID_TIPO_FORMATO])
REFERENCES [dbo].[TIPO_FORMATO] ([ID_TIPO_FORMATO])
GO
ALTER TABLE [dbo].[DOCUMENTO_CONTROL] CHECK CONSTRAINT [FK_TIPO_FORMATO]
GO
ALTER TABLE [dbo].[DOCUMENTO_CONTROL_DETALLE]  WITH CHECK ADD  CONSTRAINT [FK_DOC_FALTA] FOREIGN KEY([ID_FALTA])
REFERENCES [dbo].[FALTA] ([ID_FALTA])
GO
ALTER TABLE [dbo].[DOCUMENTO_CONTROL_DETALLE] CHECK CONSTRAINT [FK_DOC_FALTA]
GO
ALTER TABLE [dbo].[DOCUMENTO_CONTROL_DETALLE]  WITH CHECK ADD  CONSTRAINT [PK_DOCUMENTO_CONTROL_DET] FOREIGN KEY([ID_DOCUMENTO_CONTROL])
REFERENCES [dbo].[DOCUMENTO_CONTROL] ([ID_DOCUMENTO_CONTROL])
GO
ALTER TABLE [dbo].[DOCUMENTO_CONTROL_DETALLE] CHECK CONSTRAINT [PK_DOCUMENTO_CONTROL_DET]
GO
ALTER TABLE [dbo].[DOCUMENTO_EXTERNO]  WITH CHECK ADD  CONSTRAINT [FK_TIPO_DOCUMENTO_EXTERNO] FOREIGN KEY([ID_TIPO_DOCUMENTO])
REFERENCES [dbo].[PARAMETRO] ([ID_PARAMETRO])
GO
ALTER TABLE [dbo].[DOCUMENTO_EXTERNO] CHECK CONSTRAINT [FK_TIPO_DOCUMENTO_EXTERNO]
GO
ALTER TABLE [dbo].[ENCARGADO_DEPENDENCIA]  WITH CHECK ADD  CONSTRAINT [FK_DEPENDENCIA] FOREIGN KEY([ID_DEPENDENCIA])
REFERENCES [dbo].[DEPENDENCIA] ([ID_DEPENDENCIA])
GO
ALTER TABLE [dbo].[ENCARGADO_DEPENDENCIA] CHECK CONSTRAINT [FK_DEPENDENCIA]
GO
ALTER TABLE [dbo].[ENCARGADO_DEPENDENCIA_DET]  WITH CHECK ADD  CONSTRAINT [FK_ENCARGADO_DEPENDENCIA_DET] FOREIGN KEY([ID_DEPENDENCIA_ENCARGADO])
REFERENCES [dbo].[ENCARGADO_DEPENDENCIA] ([ID_DEPENDENCIA_ENCARGADO])
GO
ALTER TABLE [dbo].[ENCARGADO_DEPENDENCIA_DET] CHECK CONSTRAINT [FK_ENCARGADO_DEPENDENCIA_DET]
GO
ALTER TABLE [dbo].[ENCARGADO_DEPENDENCIA_DET]  WITH CHECK ADD  CONSTRAINT [FK_ENCARGADO_TIPO_DOCUMENTO] FOREIGN KEY([ID_TIPO_DOCUMENTO])
REFERENCES [dbo].[PARAMETRO] ([ID_PARAMETRO])
GO
ALTER TABLE [dbo].[ENCARGADO_DEPENDENCIA_DET] CHECK CONSTRAINT [FK_ENCARGADO_TIPO_DOCUMENTO]
GO
ALTER TABLE [dbo].[ENCARGADO_DEPENDENCIA_DET]  WITH CHECK ADD  CONSTRAINT [FK_ENCARGADO_TIPO_FORMATO] FOREIGN KEY([ID_TIPO_FORMATO])
REFERENCES [dbo].[TIPO_FORMATO] ([ID_TIPO_FORMATO])
GO
ALTER TABLE [dbo].[ENCARGADO_DEPENDENCIA_DET] CHECK CONSTRAINT [FK_ENCARGADO_TIPO_FORMATO]
GO
ALTER TABLE [dbo].[ENTIDAD]  WITH CHECK ADD  CONSTRAINT [FK_TIPO_DOC_ENTIDAD] FOREIGN KEY([ID_TIPO_DOCUMENTO_ENTIDAD])
REFERENCES [dbo].[PARAMETRO] ([ID_PARAMETRO])
GO
ALTER TABLE [dbo].[ENTIDAD] CHECK CONSTRAINT [FK_TIPO_DOC_ENTIDAD]
GO
ALTER TABLE [dbo].[EXPEDIENTE_ADMINISTRATIVO]  WITH CHECK ADD  CONSTRAINT [FK_EXP_DOCUMENTO_ADM] FOREIGN KEY([ID_DOCUMENTO_ADMINISTRATIVO])
REFERENCES [dbo].[DOCUMENTO_ADMINISTRATIVO] ([ID_DOCUMENTO_ADMINISTRATIVO])
GO
ALTER TABLE [dbo].[EXPEDIENTE_ADMINISTRATIVO] CHECK CONSTRAINT [FK_EXP_DOCUMENTO_ADM]
GO
ALTER TABLE [dbo].[EXPEDIENTE_ADMINISTRATIVO_DETALLE]  WITH CHECK ADD  CONSTRAINT [FK_EXP_ADM_DET] FOREIGN KEY([ID_EXPEDIENTE])
REFERENCES [dbo].[EXPEDIENTE_ADMINISTRATIVO] ([ID_EXPEDIENTE])
GO
ALTER TABLE [dbo].[EXPEDIENTE_ADMINISTRATIVO_DETALLE] CHECK CONSTRAINT [FK_EXP_ADM_DET]
GO
ALTER TABLE [dbo].[EXPEDIENTE_ADMINISTRATIVO_DETALLE]  WITH CHECK ADD  CONSTRAINT [FK_EXP_ADM_DOC_CONTROL] FOREIGN KEY([ID_DOCUMENTO_CONTROL])
REFERENCES [dbo].[DOCUMENTO_CONTROL] ([ID_DOCUMENTO_CONTROL])
GO
ALTER TABLE [dbo].[EXPEDIENTE_ADMINISTRATIVO_DETALLE] CHECK CONSTRAINT [FK_EXP_ADM_DOC_CONTROL]
GO
ALTER TABLE [dbo].[NOTIFICACION]  WITH CHECK ADD  CONSTRAINT [FK_NOTIFICACION_DOC_ADM] FOREIGN KEY([ID_DOCUMENTO_ADMINISTRATIVO])
REFERENCES [dbo].[DOCUMENTO_ADMINISTRATIVO] ([ID_DOCUMENTO_ADMINISTRATIVO])
GO
ALTER TABLE [dbo].[NOTIFICACION] CHECK CONSTRAINT [FK_NOTIFICACION_DOC_ADM]
GO
ALTER TABLE [dbo].[NOTIFICACION]  WITH CHECK ADD  CONSTRAINT [FK_NOTIFICACION_ENTIDAD] FOREIGN KEY([ID_ENTIDAD])
REFERENCES [dbo].[ENTIDAD] ([ID_ENTIDAD])
GO
ALTER TABLE [dbo].[NOTIFICACION] CHECK CONSTRAINT [FK_NOTIFICACION_ENTIDAD]
GO
ALTER TABLE [dbo].[NOTIFICACION]  WITH CHECK ADD  CONSTRAINT [FK_NOTIFICACION_EXPEDIENTE] FOREIGN KEY([ID_EXPEDIENTE])
REFERENCES [dbo].[EXPEDIENTE_ADMINISTRATIVO] ([ID_EXPEDIENTE])
GO
ALTER TABLE [dbo].[NOTIFICACION] CHECK CONSTRAINT [FK_NOTIFICACION_EXPEDIENTE]
GO
ALTER TABLE [dbo].[NOTIFICACION]  WITH CHECK ADD  CONSTRAINT [FK_NOTIFICACION_RESOLUCION] FOREIGN KEY([ID_RESOLUCION])
REFERENCES [dbo].[RESOLUCION_ADMINISTRATIVA] ([ID_RESOLUCION])
GO
ALTER TABLE [dbo].[NOTIFICACION] CHECK CONSTRAINT [FK_NOTIFICACION_RESOLUCION]
GO
ALTER TABLE [dbo].[NUMERO_DOCUMENTO_GENERADO]  WITH CHECK ADD  CONSTRAINT [FK_DEPENDENCIA_DOC_GEN] FOREIGN KEY([ID_DEPENDENCIA])
REFERENCES [dbo].[DEPENDENCIA] ([ID_DEPENDENCIA])
GO
ALTER TABLE [dbo].[NUMERO_DOCUMENTO_GENERADO] CHECK CONSTRAINT [FK_DEPENDENCIA_DOC_GEN]
GO
ALTER TABLE [dbo].[NUMERO_DOCUMENTO_GENERADO]  WITH CHECK ADD  CONSTRAINT [FK_TIPO_DOCUMENTO_GEN] FOREIGN KEY([ID_TIPO_DOCUMENTO])
REFERENCES [dbo].[PARAMETRO] ([ID_PARAMETRO])
GO
ALTER TABLE [dbo].[NUMERO_DOCUMENTO_GENERADO] CHECK CONSTRAINT [FK_TIPO_DOCUMENTO_GEN]
GO
ALTER TABLE [dbo].[PARAMETRO]  WITH CHECK ADD  CONSTRAINT [FK_GRUPO_PARAMETRO] FOREIGN KEY([ID_GRUPO_PARAMETRO])
REFERENCES [dbo].[PARAMETRO_GRUPO] ([ID_GRUPO_PARAMETRO])
GO
ALTER TABLE [dbo].[PARAMETRO] CHECK CONSTRAINT [FK_GRUPO_PARAMETRO]
GO
ALTER TABLE [dbo].[RESOLUCION_ADJUNTO]  WITH CHECK ADD  CONSTRAINT [FK_RESOLUCION_ADJUNTO] FOREIGN KEY([ID_RESOLUCION])
REFERENCES [dbo].[RESOLUCION_ADMINISTRATIVA] ([ID_RESOLUCION])
GO
ALTER TABLE [dbo].[RESOLUCION_ADJUNTO] CHECK CONSTRAINT [FK_RESOLUCION_ADJUNTO]
GO
ALTER TABLE [dbo].[RESOLUCION_ADJUNTO]  WITH CHECK ADD  CONSTRAINT [FK_RESOLUCION_DOC_EXTERNO] FOREIGN KEY([ID_DOCUMENTO_EXTERNO])
REFERENCES [dbo].[DOCUMENTO_EXTERNO] ([ID_DOCUMENTO_EXTERNO])
GO
ALTER TABLE [dbo].[RESOLUCION_ADJUNTO] CHECK CONSTRAINT [FK_RESOLUCION_DOC_EXTERNO]
GO
ALTER TABLE [dbo].[RESOLUCION_ADMINISTRADO]  WITH CHECK ADD  CONSTRAINT [FK_RESOLUCION_ADM_DIREC] FOREIGN KEY([ID_ENTIDAD_DIRECCION])
REFERENCES [dbo].[DIRECCION_ENTIDAD] ([ID_ENTIDAD_DIRECCION])
GO
ALTER TABLE [dbo].[RESOLUCION_ADMINISTRADO] CHECK CONSTRAINT [FK_RESOLUCION_ADM_DIREC]
GO
ALTER TABLE [dbo].[RESOLUCION_ADMINISTRADO]  WITH CHECK ADD  CONSTRAINT [FK_RESOLUCION_ADM_ENTIDAD] FOREIGN KEY([ID_ENTIDAD])
REFERENCES [dbo].[ENTIDAD] ([ID_ENTIDAD])
GO
ALTER TABLE [dbo].[RESOLUCION_ADMINISTRADO] CHECK CONSTRAINT [FK_RESOLUCION_ADM_ENTIDAD]
GO
ALTER TABLE [dbo].[RESOLUCION_ADMINISTRADO]  WITH CHECK ADD  CONSTRAINT [FK_RESOLUCION_ADMINISTRADO] FOREIGN KEY([ID_RESOLUCION])
REFERENCES [dbo].[RESOLUCION_ADMINISTRATIVA] ([ID_RESOLUCION])
GO
ALTER TABLE [dbo].[RESOLUCION_ADMINISTRADO] CHECK CONSTRAINT [FK_RESOLUCION_ADMINISTRADO]
GO
ALTER TABLE [dbo].[RESOLUCION_ADMINISTRATIVA]  WITH CHECK ADD  CONSTRAINT [FK_GRUPO_FORMATO] FOREIGN KEY([ID_GRUPO_RESOLUTOR])
REFERENCES [dbo].[GRUPO_RESOLUTOR] ([ID_GRUPO_RESOLUTOR])
GO
ALTER TABLE [dbo].[RESOLUCION_ADMINISTRATIVA] CHECK CONSTRAINT [FK_GRUPO_FORMATO]
GO
ALTER TABLE [dbo].[RESOLUCION_ADMINISTRATIVA]  WITH CHECK ADD  CONSTRAINT [FK_RESOLUCION_DEPENDENCIA] FOREIGN KEY([ID_DEPENDENCIA])
REFERENCES [dbo].[DEPENDENCIA] ([ID_DEPENDENCIA])
GO
ALTER TABLE [dbo].[RESOLUCION_ADMINISTRATIVA] CHECK CONSTRAINT [FK_RESOLUCION_DEPENDENCIA]
GO
ALTER TABLE [dbo].[RESOLUCION_ADMINISTRATIVA]  WITH CHECK ADD  CONSTRAINT [FK_TIPO_RESOLUCION] FOREIGN KEY([ID_TIPO_RESOLUCION])
REFERENCES [dbo].[PARAMETRO] ([ID_PARAMETRO])
GO
ALTER TABLE [dbo].[RESOLUCION_ADMINISTRATIVA] CHECK CONSTRAINT [FK_TIPO_RESOLUCION]
GO
ALTER TABLE [dbo].[RESOLUCION_ADMINISTRATIVA_DETALLE]  WITH CHECK ADD  CONSTRAINT [FK_RESOLUCION_DET] FOREIGN KEY([ID_RESOLUCION])
REFERENCES [dbo].[RESOLUCION_ADMINISTRATIVA] ([ID_RESOLUCION])
GO
ALTER TABLE [dbo].[RESOLUCION_ADMINISTRATIVA_DETALLE] CHECK CONSTRAINT [FK_RESOLUCION_DET]
GO
ALTER TABLE [dbo].[RESOLUCION_ADMINISTRATIVA_DETALLE]  WITH CHECK ADD  CONSTRAINT [FK_RESOLUCION_DOC_CONTROL] FOREIGN KEY([ID_DOCUMENTO_CONTROL])
REFERENCES [dbo].[DOCUMENTO_CONTROL] ([ID_DOCUMENTO_CONTROL])
GO
ALTER TABLE [dbo].[RESOLUCION_ADMINISTRATIVA_DETALLE] CHECK CONSTRAINT [FK_RESOLUCION_DOC_CONTROL]
GO
ALTER TABLE [dbo].[RESOLUCION_ADMINISTRATIVA_DETALLE]  WITH CHECK ADD  CONSTRAINT [FK_RESOLUCION_EXPEDIENTE] FOREIGN KEY([ID_EXPEDIENTE])
REFERENCES [dbo].[EXPEDIENTE_ADMINISTRATIVO] ([ID_EXPEDIENTE])
GO
ALTER TABLE [dbo].[RESOLUCION_ADMINISTRATIVA_DETALLE] CHECK CONSTRAINT [FK_RESOLUCION_EXPEDIENTE]
GO
ALTER TABLE [dbo].[RESOLUCION_ADMINISTRATIVA_DETALLE]  WITH CHECK ADD  CONSTRAINT [FK_RESOLUCION_FALTA] FOREIGN KEY([ID_FALTA])
REFERENCES [dbo].[FALTA] ([ID_FALTA])
GO
ALTER TABLE [dbo].[RESOLUCION_ADMINISTRATIVA_DETALLE] CHECK CONSTRAINT [FK_RESOLUCION_FALTA]
GO
USE [master]
GO
ALTER DATABASE [BD_DEMO_SISCOTT] SET  READ_WRITE 
GO
